Chennai Super Kings,Deccan Chargers,Delhi Capitals,Delhi Daredevils,Gujarat Lions,Kings XI Punjab,Kochi Tuskers Kerala,Kolkata Knight Riders,Mumbai Indians,Pune Warriors,Rajasthan Royals,Rising Pune Supergiant,Rising Pune Supergiants,Royal Challengers Bangalore,Sunrisers Hyderabad
45.0,,,36.0,,37.0,,17.0,27.0,26.0,37.0,,,55.0,
,0.0,,,,,,,,,,,,4.0,
,35.0,,13.0,,2.0,,,1.0,,,,,2.0,
,,,,15.0,4.0,,,,,,,,,6.0
,,,4.0,,,,,,,,,,,
,,,16.0,,,,,24.0,,,,,22.0,
2.0,,,62.0,,,,,,,45.0,,,43.0,
,,,,,15.0,,,,,,,,,
3.0,4.0,,2.0,,9.0,,,9.0,,8.0,,,,
58.0,6.0,,22.0,8.0,27.0,0.0,62.0,93.0,30.0,30.0,13.0,,17.0,2.0
11.0,,,5.0,,16.0,,2.0,,,,,,,
,,,,,,,,,,19.0,,,,
1.0,22.0,,1.0,,6.0,,1.0,1.0,,9.0,,,0.0,0.0
1.0,,,0.0,,,,1.0,0.0,,,,,,
131.0,52.0,,170.0,,154.0,,100.0,22.0,19.0,201.0,,,125.0,
,,0.0,,,1.0,,,0.0,,,,,,3.0
,,,4.0,,,,,0.0,,,,,,
,,,5.0,,,,,,,,,,,0.0
12.0,,,32.0,,,,,,,3.0,,,22.0,
,,,7.0,,,1.0,,4.0,,,,,,
19.0,11.0,,59.0,,19.0,,45.0,46.0,,,,,18.0,
,,,,,,,9.0,,,,,,,
23.0,15.0,,56.0,,10.0,,,24.0,,39.0,,,12.0,
,7.0,,2.0,,,,,33.0,,,,,,
2.0,2.0,,7.0,,4.0,,,3.0,,1.0,,,7.0,0.0
8.0,,,30.0,,17.0,,,33.0,,14.0,,,21.0,
479.0,153.0,35.0,411.0,233.0,685.0,54.0,364.0,660.0,149.0,582.0,32.0,84.0,115.0,392.0
,1.0,,37.0,,15.0,,51.0,,6.0,,,,10.0,
255.0,112.0,,321.0,,141.0,9.0,271.0,234.0,50.0,255.0,,,369.0,52.0
1.0,12.0,,,,,,,0.0,,,,,7.0,
20.0,,,15.0,,45.0,,45.0,28.0,,,,,28.0,
8.0,,,12.0,,4.0,,36.0,9.0,5.0,,,,0.0,5.0
81.0,69.0,,106.0,,57.0,,126.0,51.0,,96.0,,,64.0,74.0
24.0,,19.0,,,3.0,,14.0,14.0,,9.0,,,3.0,5.0
227.0,,118.0,109.0,,252.0,,4.0,158.0,,122.0,,17.0,334.0,104.0
,,,,,,,,0.0,,,7.0,,,
,,,,,,,3.0,,,2.0,,,5.0,
,20.0,,5.0,,,,24.0,,,,,,0.0,
139.0,0.0,,285.0,,203.0,,252.0,217.0,25.0,141.0,46.0,50.0,242.0,144.0
3.0,,,8.0,,22.0,,17.0,25.0,,1.0,,,14.0,4.0
46.0,42.0,,25.0,,68.0,31.0,89.0,45.0,47.0,,,,8.0,
147.0,99.0,,42.0,,94.0,,13.0,31.0,36.0,92.0,,,95.0,23.0
273.0,50.0,110.0,677.0,78.0,455.0,8.0,479.0,579.0,173.0,3.0,,,590.0,375.0
8.0,,,,,,,5.0,1.0,,,,,18.0,4.0
,,,,,,,,0.0,,,,,7.0,
,4.0,,,,,,,30.0,,,,,,
,,,,,,,17.0,,,39.0,,,31.0,
39.0,,,39.0,,45.0,,34.0,0.0,,123.0,0.0,8.0,44.0,7.0
,,,,,,,12.0,,,,,,,
79.0,,,148.0,40.0,1.0,,70.0,86.0,,50.0,46.0,1.0,155.0,130.0
2.0,,,,,,,,6.0,,,,,1.0,9.0
28.0,37.0,,11.0,,27.0,,34.0,20.0,,,,,37.0,
233.0,,28.0,77.0,,117.0,,181.0,,,187.0,,,94.0,94.0
320.0,108.0,32.0,449.0,20.0,350.0,53.0,352.0,115.0,92.0,335.0,22.0,44.0,583.0,451.0
14.0,4.0,,,,9.0,12.0,,0.0,,,,,,
,,,,,,,,,,0.0,,,,
,,,,,0.0,,14.0,,,9.0,,,40.0,
47.0,,2.0,1.0,25.0,7.0,,1.0,24.0,,,,,57.0,
,,,,,,,,7.0,,,0.0,,,0.0
10.0,,,8.0,,,,4.0,,,0.0,,,0.0,15.0
,,,,,4.0,,,,,,,,,
35.0,45.0,,54.0,,,,2.0,99.0,0.0,53.0,,,96.0,4.0
8.0,27.0,,24.0,,,,0.0,8.0,,9.0,,,,
35.0,10.0,,33.0,,14.0,4.0,60.0,18.0,39.0,6.0,,,61.0,
35.0,8.0,2.0,14.0,,9.0,,37.0,33.0,,8.0,0.0,22.0,19.0,3.0
0.0,,,,,,,,4.0,,,,,,1.0
6.0,14.0,,27.0,,,2.0,7.0,29.0,,30.0,,,9.0,
,,,,,,,,5.0,,,,,,
16.0,,,7.0,,6.0,,,,,,,,6.0,
,0.0,,,,,,6.0,,,,,,,
133.0,,8.0,53.0,128.0,83.0,,60.0,80.0,,,,,32.0,70.0
,,,,,,,,0.0,,,,,3.0,
236.0,36.0,,305.0,,277.0,,351.0,477.0,83.0,159.0,94.0,92.0,569.0,214.0
,,,,,10.0,,5.0,,39.0,69.0,,,2.0,
,,,2.0,,,,6.0,,,,,1.0,,2.0
,,5.0,45.0,8.0,22.0,,40.0,20.0,,24.0,,,67.0,9.0
1.0,,,,,,,,0.0,,,,,,
,,,,,,,,,,,,,18.0,
186.0,140.0,,89.0,,188.0,,139.0,262.0,79.0,89.0,,,165.0,63.0
4.0,,,,,49.0,,10.0,,20.0,64.0,,,46.0,
12.0,,,,,,,,0.0,,,,,,11.0
,,,,,5.0,,,,,,,,15.0,20.0
,,1.0,,,11.0,,,5.0,,,2.0,,0.0,13.0
7.0,8.0,,,27.0,,,66.0,7.0,35.0,19.0,8.0,5.0,5.0,
3.0,,,,,58.0,,24.0,47.0,,15.0,,,34.0,6.0
,,,15.0,,,,,,,,,,,
53.0,,,,,4.0,,33.0,8.0,,0.0,,,,82.0
,,,,,,,,,,0.0,,,,
23.0,,,7.0,,11.0,,14.0,56.0,,2.0,36.0,,31.0,133.0
7.0,,,,,,,,1.0,13.0,,,,,
119.0,,20.0,36.0,93.0,255.0,,,211.0,,121.0,,,231.0,222.0
15.0,52.0,,35.0,,70.0,,19.0,19.0,,114.0,,,31.0,35.0
380.0,67.0,69.0,383.0,100.0,797.0,44.0,651.0,651.0,383.0,430.0,,,221.0,384.0
16.0,,,13.0,82.0,68.0,,44.0,84.0,5.0,19.0,38.0,38.0,41.0,72.0
83.0,,,28.0,24.0,97.0,,77.0,10.0,,145.0,5.0,,27.0,42.0
,26.0,,,,9.0,,28.0,12.0,,23.0,,,,
,,,,,,,0.0,,,,,,,3.0
,,,8.0,,,,,,,,,,,
,,,8.0,,,,,0.0,,8.0,,,,
,,,0.0,,8.0,,,,,,,,,
136.0,48.0,,105.0,,132.0,31.0,95.0,100.0,162.0,42.0,,,120.0,
20.0,,,22.0,,45.0,,15.0,,30.0,2.0,,,30.0,5.0
69.0,,6.0,,11.0,12.0,,52.0,,,6.0,,20.0,2.0,10.0
,,,3.0,,9.0,,5.0,20.0,,0.0,1.0,,18.0,7.0
2.0,,,,,2.0,,,,,,,,,
,,,,,3.0,,,,,,,,,
,1.0,,26.0,,6.0,,,,,,,,,
,,,,,,,,8.0,,,,,8.0,
,,,50.0,,2.0,,45.0,9.0,,,,,12.0,5.0
51.0,,,5.0,,4.0,,9.0,47.0,,11.0,,,,
,,,,,,,,,,10.0,,,,
256.0,28.0,58.0,274.0,46.0,,,200.0,240.0,80.0,210.0,30.0,14.0,253.0,186.0
448.0,226.0,65.0,268.0,336.0,833.0,16.0,835.0,482.0,118.0,342.0,83.0,11.0,670.0,8.0
,,,,,,,,,,,,,12.0,
76.0,9.0,,37.0,,41.0,,,64.0,23.0,54.0,,,,
40.0,,,38.0,,80.0,8.0,64.0,55.0,34.0,41.0,,,15.0,
,2.0,,16.0,,,,,3.0,,,,,,
25.0,9.0,,,,10.0,,26.0,81.0,12.0,,,,7.0,0.0
47.0,178.0,8.0,133.0,,206.0,,149.0,287.0,18.0,198.0,,29.0,160.0,85.0
15.0,,,19.0,,30.0,,,,,,,,47.0,
57.0,,20.0,74.0,22.0,119.0,,67.0,95.0,,0.0,19.0,15.0,40.0,7.0
82.0,250.0,,146.0,,98.0,21.0,90.0,203.0,30.0,125.0,,,205.0,72.0
,32.0,,1.0,,10.0,12.0,,,,15.0,,,22.0,
,,,,,,,,,,,,,1.0,
,8.0,,30.0,,,,1.0,,,,,,0.0,
49.0,,,18.0,,15.0,,60.0,11.0,,118.0,,,18.0,6.0
,,,15.0,,40.0,,,8.0,,,,,,10.0
3.0,3.0,,21.0,,5.0,,36.0,,,30.0,,,23.0,
,,,,,,,,,,,6.0,,,
,,,,,1.0,,,10.0,,,,,,
,1.0,,,,,,,3.0,,,,,,
,,,1.0,,,,,,,,,,,
195.0,219.0,,120.0,,183.0,,451.0,261.0,53.0,163.0,,,140.0,23.0
,,,,,,,,,,,,,19.0,
233.0,,,319.0,,249.0,,187.0,344.0,0.0,355.0,47.0,63.0,275.0,313.0
38.0,7.0,,1.0,,15.0,,3.0,6.0,,1.0,,,16.0,14.0
,,,1.0,,17.0,,,,,,,,,
32.0,,,57.0,17.0,92.0,9.0,51.0,99.0,24.0,55.0,,,1.0,11.0
,,,,,4.0,,,,,9.0,,,,
20.0,0.0,,19.0,,15.0,,22.0,33.0,15.0,38.0,,,3.0,1.0
87.0,,,104.0,,21.0,,77.0,,,64.0,,,75.0,36.0
78.0,14.0,,100.0,,159.0,76.0,66.0,63.0,15.0,141.0,4.0,0.0,43.0,95.0
,,,,,,,,,,,,,19.0,5.0
,,,,,,,,,,,,5.0,9.0,
,81.0,92.0,144.0,69.0,368.0,,191.0,238.0,101.0,155.0,,,215.0,220.0
,,,,,,,,1.0,,,,,3.0,
21.0,44.0,,0.0,,45.0,16.0,47.0,10.0,,,,,,
429.0,225.0,,413.0,122.0,735.0,3.0,155.0,467.0,182.0,423.0,86.0,11.0,648.0,324.0
2.0,,,,,5.0,,,2.0,,,,,13.0,
158.0,112.0,,123.0,,79.0,24.0,41.0,56.0,,,,,146.0,
,,,,,,,,0.0,,4.0,,,,
13.0,,,28.0,,60.0,,13.0,82.0,12.0,24.0,,,48.0,
71.0,,,52.0,,24.0,,173.0,136.0,,50.0,,,50.0,107.0
216.0,,,45.0,53.0,12.0,,330.0,246.0,13.0,143.0,44.0,32.0,98.0,171.0
,,,,,,,15.0,,,,,,,
46.0,29.0,29.0,34.0,0.0,,,54.0,8.0,,39.0,,51.0,40.0,116.0
,,22.0,,,,,,,,,,,,
,,,,,,,,2.0,,,,,,
1.0,,,,,,,,,,,,,,
7.0,,3.0,,,,,18.0,0.0,,7.0,,,33.0,
,,,,,2.0,,2.0,,,,,,,
,,6.0,,,,,,,,,,,0.0,
150.0,,,53.0,,113.0,,224.0,102.0,,52.0,,,192.0,
137.0,,32.0,91.0,19.0,140.0,,253.0,,,97.0,72.0,9.0,199.0,69.0
,,,36.0,169.0,,,25.0,104.0,,,28.0,30.0,89.0,96.0
38.0,5.0,,0.0,,7.0,,19.0,6.0,,6.0,,,,27.0
171.0,86.0,,99.0,11.0,139.0,,74.0,10.0,29.0,66.0,7.0,45.0,67.0,30.0
0.0,,,,,,,14.0,,,1.0,,,,3.0
,,,,,,,6.0,,,13.0,,,1.0,
,,,7.0,,,,,,,,,,,
21.0,9.0,,,,0.0,,1.0,11.0,,5.0,1.0,,0.0,7.0
,,9.0,,,,,1.0,,,,,,,
,,,,,,,,,,,,,0.0,
206.0,110.0,,70.0,,52.0,18.0,231.0,91.0,57.0,133.0,,,146.0,36.0
,,,,,,,6.0,30.0,10.0,25.0,,,,5.0
2.0,,,0.0,,4.0,,,7.0,,4.0,,,3.0,
3.0,,,7.0,33.0,,12.0,,26.0,,1.0,,,,6.0
99.0,,,92.0,,121.0,,67.0,59.0,,75.0,31.0,0.0,76.0,91.0
37.0,,,,,3.0,,34.0,10.0,,,,,0.0,1.0
,,,,,1.0,,22.0,,,0.0,,,,
63.0,,96.0,,,5.0,,124.0,16.0,,49.0,,,115.0,
57.0,84.0,,93.0,,17.0,14.0,33.0,49.0,19.0,2.0,,,19.0,22.0
,,0.0,,,,,,,,,,,,
,,,,,6.0,,,,,2.0,,,,
7.0,,,,,34.0,,,,,0.0,,,4.0,9.0
2.0,4.0,,14.0,,,,,9.0,,,,,,
0.0,,,,,7.0,,,1.0,,2.0,,,,
,,,,,,,,,,,,1.0,5.0,
81.0,138.0,,80.0,,112.0,22.0,106.0,39.0,16.0,254.0,,,127.0,
150.0,,,148.0,85.0,348.0,,191.0,192.0,,,55.0,27.0,186.0,49.0
116.0,60.0,,146.0,,95.0,17.0,45.0,21.0,,19.0,,,85.0,
17.0,,,,,7.0,,27.0,,,,,,2.0,2.0
,41.0,,3.0,,30.0,0.0,,13.0,,3.0,,,16.0,
22.0,,,,,12.0,,8.0,,,,,,,
3.0,,,,,,,,,,,,,,
39.0,20.0,,,,101.0,,74.0,,63.0,13.0,,,17.0,
320.0,292.0,,338.0,,266.0,51.0,136.0,475.0,17.0,247.0,,,220.0,65.0
,,,0.0,0.0,2.0,,,,,,16.0,,2.0,17.0
,,,,,,,16.0,107.0,,,,,20.0,43.0
14.0,0.0,,,,4.0,,,,,,,,,
,22.0,,4.0,,,,,,,,,,,
,,,0.0,13.0,,,16.0,,,,,,,9.0
148.0,99.0,,102.0,61.0,170.0,,248.0,261.0,83.0,278.0,,48.0,436.0,107.0
22.0,,,92.0,,122.0,,14.0,100.0,25.0,11.0,6.0,9.0,53.0,73.0
95.0,34.0,,4.0,,7.0,,56.0,55.0,13.0,67.0,,,86.0,
,,,,,3.0,,4.0,1.0,,,,,,
,16.0,,4.0,,,,,16.0,,0.0,,,,
,,0.0,,,,,,,,,,,,
39.0,,,39.0,,,,23.0,51.0,,27.0,,,39.0,
24.0,,6.0,21.0,,17.0,,24.0,34.0,,,,,14.0,8.0
4.0,,,,,,,,5.0,,,,,,13.0
,,,,,11.0,,,54.0,,,,,,5.0
,,,,,,,1.0,,,,,,11.0,
452.0,70.0,21.0,311.0,74.0,422.0,,233.0,,55.0,295.0,50.0,1.0,478.0,322.0
,,,,,,,,10.0,,,,,,
5.0,,,5.0,,6.0,,1.0,31.0,,3.0,,,,0.0
,,,1.0,1.0,,,,,,,,,12.0,10.0
131.0,186.0,,239.0,,40.0,65.0,216.0,299.0,146.0,177.0,,,188.0,
485.0,164.0,54.0,379.0,,503.0,69.0,352.0,302.0,138.0,523.0,32.0,33.0,419.0,235.0
92.0,,74.0,155.0,53.0,102.0,,108.0,,,13.0,65.0,,92.0,161.0
,,,,,,,12.0,,,,,1.0,0.0,
,,,34.0,,13.0,,5.0,30.0,,,,,8.0,26.0
104.0,,,259.0,51.0,78.0,,171.0,172.0,,34.0,64.0,73.0,218.0,246.0
205.0,,27.0,148.0,51.0,110.0,,198.0,496.0,,284.0,,45.0,182.0,267.0
84.0,0.0,28.0,90.0,69.0,10.0,,115.0,172.0,25.0,89.0,25.0,,187.0,197.0
,,,,,5.0,,,,,,,,,
,1.0,,1.0,,0.0,,,,,,,,,
66.0,143.0,,53.0,37.0,188.0,,19.0,190.0,59.0,162.0,,,33.0,51.0
240.0,,33.0,255.0,6.0,124.0,,169.0,41.0,,126.0,25.0,32.0,268.0,
64.0,1.0,,35.0,,64.0,,56.0,17.0,7.0,16.0,16.0,,36.0,5.0
26.0,,,,,,,,9.0,,,,,,1.0
59.0,12.0,,,,39.0,,,18.0,,,,,,
,,,,,,,,,,,,,3.0,
2.0,,,,,,,1.0,,,5.0,,,4.0,
0.0,,12.0,8.0,,,,,22.0,,,,,4.0,0.0
,,,,,,,,,,,,,0.0,
9.0,15.0,,8.0,,2.0,1.0,0.0,0.0,,,,,1.0,
,,14.0,,,,,,1.0,,,,,13.0,44.0
,,,,,0.0,,,,,1.0,,,,
2.0,13.0,,0.0,,11.0,,,,,,,,8.0,
9.0,47.0,,,,16.0,,,,,,,,9.0,
64.0,14.0,,52.0,,,,16.0,88.0,,1.0,,,34.0,33.0
,,,,1.0,,,,,,,,,,
2.0,,,63.0,,34.0,,,,,,,,7.0,
281.0,,,116.0,,230.0,,29.0,,,112.0,8.0,8.0,127.0,168.0
,,,,,23.0,,,17.0,,,,,0.0,
118.0,26.0,,60.0,,12.0,,10.0,52.0,0.0,88.0,,,18.0,21.0
181.0,64.0,,125.0,,50.0,2.0,169.0,122.0,68.0,106.0,,,111.0,19.0
38.0,,33.0,1.0,,4.0,,70.0,64.0,,20.0,,,,81.0
1.0,,1.0,,,,,,,,,,,1.0,1.0
36.0,51.0,,28.0,,24.0,,70.0,16.0,8.0,22.0,,,4.0,
29.0,10.0,,12.0,,,,0.0,35.0,,8.0,,,17.0,2.0
,,,20.0,,,,29.0,,,,,,24.0,
,,8.0,,,9.0,,,,,,,,,11.0
77.0,63.0,,35.0,,157.0,12.0,1.0,44.0,,79.0,,,43.0,3.0
,,,10.0,,8.0,,,,,0.0,,,6.0,7.0
2.0,23.0,,,1.0,33.0,,6.0,33.0,1.0,4.0,,,23.0,0.0
,1.0,,3.0,,1.0,,,,,11.0,,,4.0,
,,,,,,,,,,11.0,,,0.0,
8.0,,,9.0,,27.0,,6.0,1.0,,,,,4.0,
,,,,,,,,24.0,,11.0,,,,
,,,,,,,,,,1.0,,,0.0,11.0
80.0,91.0,,335.0,97.0,166.0,44.0,256.0,412.0,94.0,366.0,,112.0,394.0,143.0
54.0,,,136.0,40.0,,,242.0,110.0,65.0,28.0,14.0,51.0,72.0,204.0
,,,,,,,,3.0,,,,,,
,,,1.0,,,,,,,,,,,
174.0,35.0,8.0,64.0,,136.0,33.0,157.0,178.0,9.0,165.0,,,131.0,186.0
9.0,7.0,,,,8.0,,,,,,,,,
13.0,,,,,37.0,,12.0,5.0,,18.0,,,,11.0
31.0,17.0,,187.0,81.0,95.0,,120.0,76.0,27.0,51.0,59.0,11.0,163.0,51.0
2.0,,,,,14.0,,8.0,49.0,,20.0,,,17.0,15.0
34.0,,,33.0,,20.0,37.0,29.0,30.0,,,,,54.0,
,,,14.0,,,,,,0.0,,,,,
40.0,54.0,,235.0,,251.0,40.0,281.0,258.0,75.0,350.0,,,281.0,112.0
,19.0,,,,22.0,,12.0,48.0,,45.0,,,31.0,
20.0,,,23.0,,,,35.0,12.0,,26.0,13.0,,26.0,13.0
,41.0,,,,,,14.0,14.0,,16.0,,,13.0,
,,36.0,98.0,9.0,,,12.0,52.0,,,0.0,,39.0,25.0
67.0,60.0,,0.0,,124.0,,0.0,8.0,,,,,19.0,
0.0,,10.0,1.0,1.0,19.0,,20.0,,,0.0,12.0,2.0,15.0,11.0
251.0,212.0,43.0,333.0,25.0,529.0,,140.0,549.0,,216.0,37.0,15.0,217.0,305.0
175.0,102.0,,178.0,31.0,262.0,47.0,83.0,308.0,53.0,206.0,,,202.0,50.0
,136.0,,181.0,,152.0,,71.0,257.0,,102.0,,,208.0,
0.0,5.0,,24.0,,0.0,,9.0,0.0,1.0,,,,0.0,0.0
2.0,,,30.0,5.0,1.0,,16.0,24.0,,,6.0,,28.0,12.0
34.0,4.0,,,1.0,51.0,,,5.0,,,27.0,,34.0,5.0
,,,74.0,,18.0,,,32.0,,,,,43.0,
14.0,,48.0,75.0,67.0,76.0,,56.0,32.0,,66.0,,,48.0,
13.0,37.0,,13.0,7.0,32.0,,5.0,38.0,,35.0,,,24.0,21.0
232.0,29.0,,10.0,,89.0,16.0,40.0,49.0,13.0,127.0,,,150.0,43.0
,281.0,89.0,488.0,83.0,601.0,23.0,474.0,669.0,135.0,428.0,,,808.0,398.0
4.0,15.0,,19.0,,9.0,0.0,42.0,0.0,,6.0,,,4.0,
,,,,,,,,,14.0,,,,8.0,
37.0,21.0,,79.0,,41.0,5.0,95.0,105.0,,10.0,,,1.0,
169.0,110.0,60.0,99.0,8.0,121.0,15.0,329.0,121.0,148.0,180.0,0.0,,123.0,64.0
,2.0,,,,,,,,,,,,,
4.0,37.0,,47.0,,29.0,,,0.0,,0.0,,,,
,,,2.0,,,,,,,,,,,
,,,,,,,,0.0,,3.0,,,,
22.0,13.0,,,,13.0,,,7.0,,4.0,,,5.0,
,,38.0,,,41.0,,,63.0,,,,,4.0,
1.0,,0.0,,4.0,3.0,,7.0,7.0,,5.0,2.0,2.0,22.0,1.0
4.0,,2.0,,,,,,8.0,,15.0,,,,5.0
,,,,,,,,,,,,,,1.0
,,8.0,,,,,,,,,,,,
41.0,,,,,,,49.0,,,20.0,,,46.0,21.0
38.0,,13.0,76.0,142.0,178.0,,50.0,78.0,,87.0,37.0,,222.0,183.0
9.0,5.0,,15.0,,,,,47.0,,3.0,,,64.0,
,,,,,,0.0,,,,,,,,
4.0,,,4.0,,,,,12.0,,,,,,
,,,,,,,,,1.0,,,,,
15.0,,,,,,,,,,11.0,,,,
23.0,22.0,,19.0,3.0,90.0,,74.0,14.0,32.0,33.0,,,97.0,17.0
5.0,,,,,9.0,,9.0,9.0,,6.0,6.0,2.0,6.0,
,,,,,,,,1.0,,,,,,22.0
277.0,105.0,,108.0,19.0,356.0,13.0,259.0,96.0,30.0,72.0,9.0,25.0,184.0,2.0
2.0,,,4.0,,57.0,,14.0,40.0,,,,,4.0,
60.0,98.0,,2.0,,37.0,,78.0,135.0,4.0,19.0,,,73.0,
1.0,,,4.0,,,,,0.0,,0.0,,,,0.0
8.0,,,,,,,,,,,,,,
5.0,,,49.0,,1.0,,20.0,41.0,,,,,6.0,5.0
0.0,,,,,,,,1.0,,,,,,
49.0,24.0,,20.0,,42.0,,40.0,41.0,7.0,81.0,,,17.0,19.0
13.0,,0.0,28.0,35.0,29.0,,59.0,100.0,8.0,10.0,13.0,19.0,37.0,15.0
,0.0,,,,,,,,,,,,1.0,
,,,,,,,,,,,,,,20.0
,,,,,,,,,,,,,,0.0
,,,18.0,,,,1.0,,,,,,,
65.0,,,,,35.0,,176.0,40.0,,98.0,,,53.0,149.0
334.0,24.0,50.0,310.0,104.0,589.0,,340.0,213.0,76.0,315.0,108.0,21.0,210.0,180.0
,,,1.0,,43.0,,,7.0,27.0,44.0,,,42.0,
120.0,80.0,,79.0,,,17.0,20.0,47.0,30.0,59.0,,,47.0,6.0
,51.0,,,,4.0,,55.0,2.0,,16.0,,,75.0,
0.0,,,,24.0,12.0,,3.0,14.0,,,11.0,,13.0,
0.0,0.0,,1.0,,5.0,,0.0,12.0,,1.0,1.0,,4.0,1.0
,,,1.0,,,,,,,,,,,
59.0,55.0,26.0,54.0,11.0,55.0,,57.0,59.0,52.0,81.0,,8.0,21.0,49.0
4.0,,,6.0,,,,,2.0,1.0,2.0,,,1.0,
,40.0,,23.0,,5.0,5.0,,,,,,,19.0,
,,,,,,,,6.0,,,,,,
3.0,,,,,,,,,,,,,9.0,6.0
,4.0,,1.0,,1.0,,,1.0,,,,,,
2.0,,,,,,,1.0,4.0,,,,,,10.0
146.0,,65.0,18.0,51.0,246.0,,94.0,94.0,2.0,219.0,,2.0,307.0,245.0
15.0,11.0,19.0,36.0,,40.0,,68.0,41.0,11.0,40.0,,,68.0,33.0
55.0,4.0,,66.0,0.0,37.0,11.0,9.0,50.0,24.0,20.0,,,58.0,8.0
0.0,,8.0,,,,,,,,,,,,
0.0,1.0,,,,18.0,,,,,,,,,
28.0,,,8.0,,14.0,,37.0,20.0,,4.0,,11.0,24.0,7.0
277.0,339.0,,353.0,,200.0,45.0,204.0,195.0,165.0,146.0,,,177.0,73.0
2.0,22.0,,,,0.0,,0.0,1.0,51.0,13.0,,,70.0,
,3.0,,,,,,,,,,,,,
16.0,,59.0,,,,,50.0,44.0,,,,,,
0.0,,,12.0,,,,0.0,23.0,0.0,16.0,,,,
,,5.0,,,,,,,,,,,,
17.0,3.0,,28.0,,37.0,,32.0,,,29.0,,10.0,81.0,33.0
1.0,,,14.0,,3.0,10.0,,28.0,,10.0,,,0.0,0.0
,,,1.0,,,,,,,14.0,,,2.0,2.0
24.0,,,,,,,,9.0,,3.0,,,7.0,30.0
15.0,,,,,53.0,,16.0,9.0,,,4.0,,16.0,6.0
17.0,37.0,,35.0,1.0,3.0,,50.0,75.0,1.0,59.0,,12.0,14.0,7.0
99.0,107.0,25.0,276.0,,276.0,,321.0,246.0,125.0,118.0,19.0,4.0,213.0,122.0
58.0,,,42.0,39.0,93.0,,199.0,59.0,,,,,200.0,81.0
0.0,,,,3.0,1.0,,1.0,,,,,,,10.0
50.0,3.0,,1.0,,,,,,0.0,29.0,,,,
19.0,55.0,,,,43.0,4.0,10.0,11.0,,17.0,,,,
,,,,,,,2.0,,,,,,,
710.0,175.0,45.0,703.0,82.0,590.0,,827.0,103.0,135.0,455.0,86.0,92.0,693.0,218.0
16.0,0.0,,18.0,,2.0,,,25.0,4.0,6.0,,,46.0,
0.0,1.0,,2.0,,16.0,,,,13.0,,,,,
28.0,,,10.0,,7.0,,7.0,51.0,,,,,,
38.0,,,22.0,,32.0,,,88.0,73.0,7.0,,,32.0,34.0
14.0,0.0,,6.0,,6.0,,10.0,8.0,0.0,7.0,,,1.0,
0.0,,,,,,,,,,,,,,
193.0,,,,190.0,104.0,,163.0,226.0,,228.0,67.0,6.0,282.0,333.0
37.0,,,3.0,,,,3.0,10.0,,6.0,,,8.0,
,12.0,,7.0,,,,,,,1.0,,,,
15.0,,,,,,,,24.0,,,,,,14.0
20.0,15.0,,,,,,,7.0,,,,,31.0,
23.0,38.0,,136.0,,0.0,,17.0,30.0,,84.0,,,203.0,
2.0,,,,,,,,,,,,,,
,,,,,,,,4.0,,,,,,
6.0,0.0,,0.0,,,,,19.0,14.0,4.0,,,48.0,
,0.0,,4.0,,2.0,,11.0,,26.0,0.0,,,7.0,
542.0,138.0,42.0,587.0,111.0,722.0,31.0,216.0,555.0,,390.0,87.0,4.0,548.0,473.0
17.0,,0.0,,,7.0,,35.0,8.0,,36.0,3.0,,3.0,
,28.0,,,,1.0,,67.0,15.0,7.0,18.0,,,,
0.0,2.0,,,9.0,15.0,,5.0,,,14.0,14.0,,,0.0
,,,,3.0,8.0,,0.0,,,,2.0,,,
,87.0,,185.0,,245.0,32.0,103.0,321.0,199.0,154.0,,,115.0,
,,,,,,,7.0,16.0,,2.0,,,,
6.0,,20.0,,,,,55.0,8.0,,,,,1.0,5.0
651.0,118.0,,525.0,127.0,638.0,4.0,660.0,673.0,81.0,496.0,49.0,89.0,483.0,38.0
2.0,,24.0,,,,,,9.0,,,,,,5.0
82.0,,71.0,48.0,,99.0,,,93.0,,53.0,,,17.0,54.0
28.0,,12.0,11.0,,25.0,,18.0,13.0,,1.0,,2.0,,21.0
0.0,,,,,,,,5.0,,1.0,,,,87.0
7.0,,,,,,,,2.0,,2.0,0.0,,1.0,
,,,,,,,,,,,,,0.0,
,0.0,,,,,,,0.0,,,,,,
,,,,,0.0,,,,,,,,,
,,,0.0,,,,,,,,,,,13.0
5.0,,,,,3.0,,10.0,3.0,6.0,1.0,,,4.0,0.0
2.0,,,35.0,,,,,,,,,,0.0,
6.0,,,15.0,,18.0,,37.0,,,3.0,,,,12.0
,,,,,,,,2.0,,,,,,
16.0,,,,,2.0,,,,,23.0,,,32.0,9.0
,,3.0,,,,,,5.0,,,,,,
,,,,,,,,,,,,,,17.0
61.0,39.0,,65.0,,7.0,1.0,51.0,68.0,34.0,4.0,,,38.0,
0.0,12.0,,15.0,,,,1.0,1.0,1.0,4.0,,,0.0,
,,,,,4.0,,27.0,,,,,,,
,3.0,,,,,,,,,,,,,
,,,94.0,,14.0,,,16.0,,21.0,,,0.0,
,,,,,,,1.0,,,,,,,14.0
137.0,44.0,,55.0,,12.0,,69.0,56.0,,,,,50.0,
26.0,,,67.0,22.0,102.0,,,143.0,0.0,40.0,30.0,60.0,65.0,53.0
,,,8.0,,3.0,,16.0,,,5.0,,,17.0,
,,,14.0,,,,,6.0,,,,,8.0,
,,,,,,,3.0,,,3.0,,,,
56.0,,,29.0,,1.0,,16.0,,,13.0,,,16.0,
,,,,,,,,2.0,,,,,,
79.0,327.0,,154.0,,235.0,,59.0,145.0,,253.0,,,97.0,
11.0,17.0,,41.0,,15.0,,,6.0,9.0,,,,,
,,,,,15.0,,,,,,,,,
1.0,,,,,,,,,,,,,,
296.0,190.0,,219.0,89.0,,42.0,186.0,526.0,97.0,421.0,10.0,4.0,266.0,143.0
,,,,,,,,4.0,1.0,0.0,,,,
,310.0,105.0,507.0,,828.0,69.0,820.0,824.0,127.0,620.0,43.0,58.0,663.0,441.0
2.0,10.0,,17.0,,,,4.0,6.0,,,,,3.0,0.0
33.0,44.0,,31.0,,39.0,2.0,34.0,8.0,,,,,7.0,
18.0,,,17.0,0.0,1.0,,8.0,,19.0,9.0,7.0,,9.0,
6.0,3.0,,,,,,,,,,,,,
79.0,20.0,,95.0,,,,34.0,0.0,,10.0,,,3.0,
17.0,31.0,,49.0,,22.0,,,,,0.0,,,28.0,
7.0,,,,,1.0,,,,2.0,,,,,
120.0,,39.0,14.0,,15.0,,20.0,33.0,,100.0,,2.0,15.0,58.0
,,,7.0,0.0,,,,14.0,,,,,0.0,15.0
,28.0,,57.0,,1.0,,32.0,26.0,,7.0,,,45.0,
28.0,3.0,,92.0,,10.0,,140.0,21.0,6.0,,,,1.0,
,,,12.0,,,,,,,,10.0,,,16.0
72.0,,,36.0,44.0,167.0,,,32.0,,127.0,16.0,,204.0,105.0
225.0,73.0,51.0,99.0,153.0,212.0,,227.0,412.0,,55.0,,,291.0,249.0
368.0,230.0,,294.0,,270.0,100.0,326.0,,152.0,273.0,,,269.0,52.0
480.0,80.0,101.0,389.0,7.0,372.0,69.0,445.0,467.0,165.0,162.0,14.0,37.0,295.0,531.0
187.0,,,,110.0,253.0,,300.0,182.0,,118.0,3.0,8.0,264.0,289.0
,,,,,,,,,,6.0,,,,
102.0,88.0,,148.0,1.0,104.0,26.0,208.0,136.0,140.0,146.0,,,142.0,35.0
190.0,60.0,,107.0,,25.0,,124.0,,,96.0,,,166.0,
173.0,7.0,20.0,73.0,21.0,136.0,,73.0,123.0,39.0,,19.0,,80.0,118.0
80.0,,6.0,125.0,91.0,382.0,,325.0,400.0,10.0,,104.0,30.0,248.0,434.0
,,,1.0,,70.0,,133.0,3.0,,31.0,24.0,24.0,38.0,14.0
1.0,,,11.0,,,10.0,0.0,,,,,,1.0,
,,,12.0,0.0,33.0,,16.0,25.0,,,2.0,,,49.0
73.0,4.0,,48.0,,24.0,,,13.0,,31.0,,,,
1.0,,,3.0,1.0,,,3.0,0.0,,,,,12.0,6.0
21.0,,,35.0,,13.0,,,0.0,,11.0,,,1.0,
124.0,,,31.0,70.0,105.0,2.0,65.0,93.0,42.0,97.0,,3.0,119.0,8.0
,,,,,,,,1.0,,,,,4.0,
1.0,,,0.0,,,,,,,,,,,
,,,,,,,,2.0,,,,,,
2.0,,,,,20.0,,,24.0,,,,,6.0,
9.0,,,5.0,,,,16.0,6.0,,,,,,
0.0,,,,,,,,,,,,,,
20.0,,,2.0,,,,,,12.0,5.0,,,4.0,
,,,,,,,2.0,,,,10.0,,,
3.0,,,2.0,,1.0,,,18.0,,,,,,
,,,,,,,0.0,,,,,,11.0,
3.0,,,7.0,,,,1.0,,,,,,,
,9.0,,7.0,,,,,,,,,,15.0,
,8.0,,,,1.0,,,1.0,,2.0,,,,
7.0,,,,,,,0.0,5.0,,,,,,
,,,,,,,,2.0,,,,,8.0,
40.0,,9.0,8.0,25.0,1.0,,,7.0,,14.0,7.0,,,4.0
86.0,19.0,,84.0,,106.0,,59.0,69.0,36.0,94.0,,,111.0,12.0
79.0,263.0,,10.0,,34.0,53.0,107.0,196.0,105.0,230.0,,,71.0,5.0
,,,2.0,30.0,11.0,,75.0,49.0,,,2.0,6.0,,30.0
,,,7.0,,,,1.0,,,,,,0.0,
,4.0,,,,16.0,47.0,8.0,,,,,,,
,,,0.0,,,,2.0,,,,,,,6.0
0.0,,,,,,,,,,,,,,
,,,,,,,7.0,,,,,,,
16.0,,,14.0,,25.0,,37.0,2.0,17.0,50.0,,,117.0,22.0
,,,49.0,,30.0,,21.0,,,,,,16.0,11.0
18.0,3.0,,2.0,,2.0,,2.0,21.0,8.0,24.0,2.0,7.0,6.0,32.0
,,,,,24.0,,,,,9.0,,,6.0,
749.0,306.0,66.0,763.0,283.0,636.0,50.0,675.0,628.0,128.0,370.0,83.0,188.0,,509.0
,,,,,,,,0.0,,,,,,
405.0,317.0,,80.0,,250.0,95.0,305.0,431.0,220.0,316.0,,,255.0,54.0
130.0,,45.0,,63.0,47.0,,65.0,79.0,,64.0,,,58.0,23.0
13.0,,,,,,,,,,16.0,,,,
0.0,,3.0,,,28.0,,5.0,7.0,,,,,0.0,6.0
0.0,,,,,,,,4.0,,,,,,
,,,,,1.0,,,6.0,,,,,,
,,,,,2.0,,,,,,,,,
16.0,,,2.0,,58.0,,32.0,41.0,0.0,40.0,,,93.0,
,,,,,6.0,,3.0,3.0,,3.0,,,,
,,,12.0,,7.0,,,,,,,,,
50.0,49.0,,10.0,,0.0,,6.0,7.0,,8.0,,,,
30.0,15.0,,,,,,,9.0,,2.0,,,,
,16.0,,10.0,,2.0,1.0,10.0,22.0,,2.0,,,,
131.0,27.0,8.0,143.0,63.0,142.0,46.0,424.0,291.0,13.0,91.0,27.0,7.0,237.0,130.0
,,,28.0,,16.0,,9.0,,,28.0,,,0.0,
13.0,,1.0,5.0,,9.0,,1.0,11.0,,37.0,,,,2.0
10.0,,,,,,,,,,,,,,
19.0,,,,,,,,,,,,,,
45.0,54.0,,,,21.0,40.0,29.0,0.0,24.0,36.0,,,36.0,
132.0,24.0,,66.0,,118.0,41.0,151.0,164.0,31.0,113.0,,,145.0,
,,,0.0,,,,,,,,,,,
351.0,312.0,9.0,430.0,110.0,320.0,25.0,221.0,478.0,130.0,134.0,4.0,73.0,358.0,286.0
4.0,,1.0,,1.0,5.0,,0.0,,,1.0,5.0,,,5.0
19.0,5.0,,14.0,,0.0,,85.0,,,69.0,,,,
,,,13.0,,,,,8.0,,26.0,,,,
,,,,,3.0,,,,,,,,,
345.0,118.0,59.0,459.0,13.0,260.0,8.0,386.0,275.0,,384.0,47.0,23.0,340.0,48.0
39.0,4.0,,4.0,,1.0,,20.0,5.0,,18.0,,,25.0,1.0
